[
    {
      "Title": "Avatar",
      "Released": "18 de Dezembro de 2009",
      "Runtime": "162 min",
      "Genre": "Ação, Aventura, Fantasia",
      "Director": "James Cameron",
      "Actors": "Sam Worthington, Zoe Saldana, Sigourney Weaver, Stephen Lang",
      "Plot": "Jake Sully (Sam Worthington) ficou paraplégico após um combate na Terra. Ele é selecionado para participar do programa Avatar em substituição ao seu irmão gêmeo, falecido. Jake viaja a Pandora, uma lua extraterrestre, onde encontra diversas e estranhas formas de vida. O local é também o lar dos Na'Vi, seres humanóides que, apesar de primitivos, possuem maior capacidade física que os humanos. Os Na'Vi têm três metros de altura, pele azulada e vivem em paz com a natureza de Pandora. Os humanos desejam explorar a lua, de forma a encontrar metais valiosos, o que faz com que os Na'Vi aperfeiçoem suas habilidades guerreiras. Como são incapazes de respirar o ar de Pandora, os humanos criam seres híbridos chamados de Avatar. Eles são controlados por seres humanos, através de uma tecnologia que permite que seus pensamentos sejam aplicados no corpo do Avatar. Desta forma Jake pode novamente voltar à ativa, com seu Avatar percorrendo as florestas de Pandora e liderando soldados. Até conhecer Neytiri (Zoe Saldana), uma feroz Na'Vi que conhece acidentalmente e que serve de tutora para sua ambientação na civilização alienígena."
    },
    {
      "Title": "300",
      "Released": "09 de Março de 2007",
      "Runtime": "117 min",
      "Genre": "Ação, Drama, Fantasia",
      "Director": "Zack Snyder",
      "Actors": "Gerard Butler, Lena Headey, Dominic West, David Wenham",
      "Plot": "King Leonidas of Sparta and a force of 300 men fight the Persians at Thermopylae in 480 B.C."
    },

    {
      "Title": "Game of Thrones",
      "Released": "17 de Abril de 2011",
      "Runtime": "56 min",
      "Genre": "Aventura, Drama, Fantasia",
      "Director": "N/A",
      "Actors": "Peter Dinklage, Lena Headey, Emilia Clarke, Kit Harington",
      "Plot": "While a civil war brews between several noble families in Westeros, the children of the former rulers of the land attempt to rise up to power. Meanwhile a forgotten race, bent on destruction, plans to return after thousands of years in the North."
    },
    {
      "Title": "Vikings",
      "Released": "03 de Mar de 2013",
      "Runtime": "44 min",
      "Genre": "Ação, Drama, Fantasia",
      "Director": "N/A",
      "Actors": "Travis Fimmel, Clive Standen, Gustaf Skarsgård, Katheryn Winnick",
      "Plot": "The world of the Vikings is brought to life through the journey of Ragnar Lothbrok, the first Viking to emerge from Norse legend and onto the pages of history - a man on the edge of myth."
    },

    {
     
      "Title": "Doutor Estranho",
      "Released": "04 de Novembro de 2016",
      "Runtime": "N/A",
      "Genre": "Ação, Aventura, Fantasia",
      "Director": "Scott Derrickson",
      "Actors": "Rachel McAdams, Benedict Cumberbatch, Mads Mikkelsen, Tilda Swinton",
      "Plot": "After his career is destroyed, a brilliant but arrogant and conceited surgeon gets a new lease on life when a sorcerer takes him under her wing and trains him to defend the world against evil."
      
    },
    {
      "Title": "Rogue One: Uma história Star Wars",
      "Released": "16 de Dezembro de 2016",
      "Runtime": "N/A",
      "Genre": "Ação, Aventura, Sci-Fi, Fantasia",
      "Director": "Gareth Edwards",
      "Actors": "Felicity Jones, Riz Ahmed, Mads Mikkelsen, Ben Mendelsohn",
      "Plot": "Em Rogue One: Uma História Star Wars, Jyn Erso (Felicity Jones) foi afastada de seu pai, Galen (Mads Mikkelsen), ainda criança, devido à exigência do diretor Krennic (Ben Mendelsohn) que ele trabalhasse na construção da arma mais poderosa do Império, a Estrela da Morte. Criada por Saw Gerrera (Forest Whitaker), ela teve que aprender a sobreviver por conta própria ao completar 16 anos. Já adulta, Jyn é resgatada da prisão pela Aliança Rebelde, que deseja ter acesso a uma mensagem enviada por seu pai a Gerrera. Com a promessa de liberdade ao término da missão, ela aceita trabalhar ao lado do capitão Cassian Andor (Diego Luna) e do robô K-2SO."
  
    },
    {
    
      "Title": "Assassin's Creed",
      "Released": "21 Dec 2016",
      "Runtime": "N/A",
      "Genre": "Ação, Aventura, Fantasia",
      "Director": "Justin Kurzel",
      "Actors": "Felicity Jones, Riz Ahmed, Mads Mikkelsen, Ben Mendelsohn",
      "Plot": "When Callum Lynch explores the memories of his ancestor Aguilar and gains the skills of a Master Assassin, he discovers he is a descendant of the secret Assassins society."
     
    }
    
  ]